id,Prediction
1,0.1400073865888415
2,0.9553804653813985
3,0.2745413875024694
4,0.9987003562947477
5,0.7096485589849236
6,0.9999421166646965
7,0.9975251607620076
8,0.9030442698125337
9,0.7509358352753547
10,0.2876202718775342
11,0.9835391627149602
12,0.6366605471568684
13,0.3706814561353911
14,0.8072027932410665
15,0.9428737940164896
16,0.6620977022927127
17,0.7793046261828983
18,0.19335240919450997
19,0.057560409299867984
20,0.990673500125423
21,0.3687043382704404
22,0.26054981469729926
23,0.5315942865652946
24,0.8567000398238048
25,0.17894066885076576
26,0.9031014421665096
27,0.09798668484279775
28,0.9938709764050534
29,0.9588595701135382
30,0.8019971608156314
31,0.6425550653018238
32,0.3487855639638266
33,0.8782963309867632
34,0.9990152839233597
35,0.5240663848495358
36,0.17458081812671494
37,0.5162699818213553
38,0.990636577780037
39,0.5725117255470588
40,0.6398389238981493
41,0.25302295092576305
42,0.9658786460732706
43,0.5989344978940703
44,0.9944119614128563
45,0.9577975438666294
46,0.8884476479360011
47,0.137664126459124
48,0.6638130003037588
49,0.9997594937005098
50,0.8349884734200399
51,0.9917171635217874
52,0.9993214551549097
53,0.8868936262000509
54,0.9677314510526419
55,0.1353531151790106
56,0.9537525574319073
57,0.751931771287168
58,0.2831606375688743
59,0.9842866584000682
60,0.9524158960188257
61,0.9965987516142321
62,0.29724730933481014
63,0.9934328927545278
64,0.6460222977008631
65,0.35667464633409396
66,0.6535070375360196
67,0.9803177072340072
68,0.18928865655570282
69,0.9199713368910849
70,0.8029667599038366
71,0.3376625077423849
72,0.9222836539493647
73,0.22866831086978648
74,0.9027511433933043
75,0.9921490744992003
76,0.9050890454105549
77,0.8837262742975599
78,0.9995529773460131
79,0.9095928826485846
80,0.9908886126437526
81,0.8658789243842625
82,0.9977416915804213
83,0.6207713281922005
84,0.10006050544848943
85,0.4996639833931337
86,0.2574099583732392
87,0.5072763835350199
88,0.9994748612146351
89,0.9979930470256613
90,0.45923943568535885
91,0.7225622057509242
92,0.3310235458441169
93,0.7035537430074822
94,0.9920682554120408
95,0.9989689512490584
96,0.8086204567152913
97,0.9998890739804925
98,0.608853130368716
99,0.11936739984742169
100,0.10125714732451546
101,0.16063080769903243
102,0.08466563212550728
103,0.38650398978223316
104,0.1520242557379549
105,0.8749144707654734
106,0.96412909488336
107,0.05887214552411893
108,0.9731465088283536
109,0.1976588067576786
110,0.17830244459833355
111,0.538128474847381
112,0.9091505880304999
113,0.4418297296580159
114,0.8918905069681514
115,0.8601737026128342
116,0.20646721137365945
117,0.9492167240586601
118,0.4560663903673614
119,0.13693308015356975
120,0.24140154204249
121,0.9211787342812882
122,0.9942328241753473
123,0.9997181714739117
124,0.9732721081633522
125,0.9986378330486948
126,0.6438796425904866
127,0.8236127206154087
128,0.25498507450401037
129,0.34127011629062076
130,0.9303916249399897
131,0.24742515081021393
132,0.8497586130830634
133,0.8086444345334401
134,0.0663201067408971
135,0.15124607077435673
136,0.9391078544737966
137,0.3478693475982366
138,0.5019090982028702
139,0.9176704582000236
140,0.5141672111444746
141,0.8407736858774663
142,0.6754906096380981
143,0.33301945645319747
144,0.8298746079384032
145,0.35527615859831024
146,0.9376552072812869
147,0.3108263566819483
148,0.9998143157675641
149,0.9167691559782147
150,0.11250237795450797
151,0.4818477116561638
152,0.926949790692813
153,0.9481029770117478
154,0.9999018352906349
155,0.8503714810180899
156,0.7791701465239321
157,0.9852057729194444
158,0.13449973975660992
159,0.8952255161222703
160,0.4141322440477696
161,0.38772964239819746
162,0.9985300641816067
163,0.25113281019722183
164,0.45406207035387913
165,0.08618380907545489
166,0.6110292205669197
167,0.3225845959828827
168,0.9287055195332504
169,0.9802059168165298
170,0.5887262965220655
171,0.9746146737062782
172,0.9975206585567734
173,0.9477226271448826
174,0.9987606652425035
175,0.9920883674891543
176,0.5305787422086959
177,0.8543940974197697
178,0.9382406212514594
179,0.6342721694090968
180,0.8398056636493892
181,0.8471829858659404
182,0.900494576903373
183,0.9407342501611504
184,0.9983978266423466
185,0.9888054542165797
186,0.9996112343739854
187,0.6661924907992324
188,0.9469611846421649
189,0.9660888552441578
190,0.8499091708584339
191,0.7495636897545931
192,0.25184179937751733
193,0.3640286350157148
194,0.7144965164239044
195,0.7450829487978183
196,0.14785994816510367
197,0.4886616010272487
198,0.998992362365163
199,0.29688710945412633
200,0.8306037065432107
201,0.9997345615066856
202,0.7963578257316857
203,0.7488537186576194
204,0.915412265022817
205,0.6657940567197216
206,0.8995658722489
207,0.9682420463209841
208,0.9394195713725653
209,0.5396298644028793
210,0.9991383888221452
211,0.2078918123721893
212,0.5859953762472946
213,0.4722086807531768
214,0.6597324967997539
215,0.9912619295120191
216,0.8471908677223243
217,0.541052675366333
218,0.9996751953027085
219,0.8529499363409768
220,0.5713466286260799
221,0.9742697370163619
222,0.9559467060720815
223,0.6294379508137424
224,0.9919127777859073
225,0.9998299645626514
226,0.9576071578225739
227,0.9998496232383668
228,0.9927845271783192
229,0.29278099311734157
230,0.5503800285525454
231,0.9539295514245912
232,0.9932930228836963
233,0.16107228630993364
234,0.9924587509749652
235,0.4145474814314145
236,0.084862285636288
237,0.0792482292221451
238,0.9989356815855727
239,0.9833862411469488
240,0.4529041195769431
241,0.44930973764122495
242,0.5381465173461414
243,0.9989337213125681
244,0.9004034149585255
245,0.9937150264999982
246,0.9340314162762402
247,0.9999175899926245
248,0.999374936096368
249,0.2778074366913304
250,0.4467090449987291
251,0.6417055195460853
252,0.7171111199503817
253,0.22059843244372193
254,0.15444977673266755
255,0.8505467407083952
256,0.9983912514214506
257,0.4530968314017425
258,0.5147962904747249
259,0.4923809853109483
260,0.27453117406982575
261,0.9024329197454757
262,0.9999103260559219
263,0.43248670296054204
264,0.9879169319611587
265,0.991157669714236
266,0.015689986133345823
267,0.9994473018540468
268,0.98675903675981
269,0.8862065606934124
270,0.03962599080687313
271,0.9787631188030281
272,0.8955071503415107
273,0.9868592521681266
274,0.6348712555320818
275,0.6423809530299497
276,0.9178977155072882
277,0.999523121200209
278,0.3171846435393083
279,0.3314319965360841
280,0.23268285913634737
281,0.38846614587329986
282,0.8323183007071268
283,0.1414368526365195
284,0.10330721778530874
285,0.9759771009594043
286,0.9996894456711526
287,0.8070482121845767
288,0.0849071335960719
289,0.9778182144794497
290,0.44232423233612567
291,0.2134969897801893
292,0.3569269043256436
293,0.9268999654258585
294,0.568375366256519
295,0.4501275399360746
296,0.8968653952803514
297,0.999769718930223
298,0.23130456422605644
299,0.1239508044686605
300,0.9938853975266886
301,0.7102464667159596
302,0.9996677327195705
303,0.9969205618087493
304,0.7496290818144683
305,0.9977570000325571
306,0.883126206697169
307,0.9034757890231282
308,0.9972006608240043
309,0.5318648261043267
310,0.3495896902825434
311,0.9996082025855685
312,0.12006010827844474
313,0.9939843887305785
314,0.8815842441277044
315,0.9417539826190435
316,0.23077532782614124
317,0.484414752319032
318,0.9998349402360783
319,0.42150565959972225
320,0.9386316220504256
321,0.2803161993083881
322,0.9644391295077299
323,0.2280503731540677
324,0.9199194641630272
325,0.9770482534912556
326,0.9975196068055135
327,0.9995741314194868
328,0.7269406434729867
329,0.8554789120538601
330,0.22803886750340496
331,0.6785753381047992
332,0.5048478843433712
333,0.3775411371917184
334,0.7397305247658169
335,0.6845076658621357
336,0.6029982952518033
337,0.12216176974002091
338,0.3937917438258407
339,0.918387002444799
340,0.21073837585044772
341,0.5820305223693465
342,0.48628541136115744
343,0.16513491603716585
344,0.8752626908811945
345,0.8175919060975227
346,0.9610064252188721
347,0.9677375078729445
348,0.21076834127506858
349,0.5257652133440818
350,0.8391715992830416
351,0.6194227999473642
352,0.31592404881553077
353,0.764358951490056
354,0.6869251371892224
355,0.38325628613159446
356,0.9061367989213944
357,0.9487629036917857
358,0.29680321386383945
359,0.810567038666482
360,0.9991239631870092
361,0.08443452466252027
362,0.6283208608887833
363,0.3158002752987179
364,0.4585550992591196
365,0.9609214025519055
366,0.9803987533504421
367,0.6622547591005634
368,0.4430187917039405
369,0.507307077338152
370,0.3455947686834996
371,0.3067402887216854
372,0.9486922461832387
373,0.6315076998066971
374,0.2506113060091709
375,0.9172645686675053
376,0.8811575016709062
377,0.703736622812363
378,0.6229870701012601
379,0.2083399378161482
380,0.12916480126072488
381,0.4769013992670021
382,0.9389474839090387
383,0.14444209106846556
384,0.9670312552960644
385,0.6952195383439721
386,0.9989062258224622
387,0.20069787831830013
388,0.9864942767363204
389,0.5849342939192016
390,0.7682738846229924
391,0.8747581040039977
392,0.934365399777967
393,0.6689198272613713
394,0.9151946760223797
395,0.9992420729413378
396,0.5598599115717751
397,0.9993413776418704
398,0.09972509801139177
399,0.9997019438441229
400,0.9695850817486426
401,0.41258337091419023
402,0.8434461121916434
403,0.92945384156998
404,0.6785647614759264
405,0.46777857733643047
406,0.6151398723066063
407,0.9730268445853992
408,0.9992254756670913
409,0.8382865698610217
410,0.999742632634495
411,0.924348319751244
412,0.5188359995812263
413,0.13183454498963929
414,0.9795966751259876
415,0.9751004247081838
416,0.08448482054840764
417,0.90807881461811
418,0.8126280528104651
419,0.20964834724779968
420,0.33439245599101075
421,0.8929267881460131
422,0.48360195436362785
423,0.9999406289615018
424,0.7309674800126591
425,0.9524819851791688
426,0.99986391690791
427,0.9966142211171278
428,0.8554203661926982
429,0.8870742869195308
430,0.7444287154499827
431,0.48056229157064567
432,0.4163891270462288
433,0.7748401975030201
434,0.3361774818077677
435,0.08722685315573482
436,0.1077092735088435
437,0.829056958192588
438,0.727971367520703
439,0.9420020026093433
440,0.9756495833640064
441,0.9992918721805388
442,0.2998686813608094
443,0.5562294478599384
444,0.9989366913746521
445,0.3430512000742736
446,0.2802243834879916
447,0.17355341569088564
448,0.9982936189305242
449,0.4155538772715063
450,0.4071147933379315
451,0.9998705669837541
452,0.9951428560314078
453,0.9895004566234883
454,0.5213723717905655
455,0.9947744390729634
456,0.6387827503690817
457,0.9981509255078985
458,0.44739346647037487
459,0.562760045285217
460,0.9835303843714293
461,0.5691841433336966
462,0.9105136052881493
463,0.05918532120248909
464,0.7421363586651974
465,0.9997762647739676
466,0.30552197228750694
467,0.7966334340835192
468,0.07576101402151574
469,0.7616910722250259
470,0.999739958370359
471,0.7356086742217175
472,0.9483636446206594
473,0.5784941817550179
474,0.17601144298887356
475,0.9996825979375138
476,0.5560818942752237
477,0.9980972269495687
478,0.11300834123207942
479,0.034278021367906426
480,0.9241483025224114
481,0.9525959947601405
482,0.9239337030672903
483,0.9070129947466161
484,0.46418636278658765
485,0.7045551644464576
486,0.9647455332085835
487,0.9434413508173597
488,0.9988171460856908
489,0.9761998204078214
490,0.9960131272185924
491,0.9994611686370151
492,0.3644364440995614
493,0.9298815843420436
494,0.3933204868423427
495,0.9996288960585459
496,0.3961950952440916
497,0.33000368568224453
498,0.42789110749459647
499,0.2822883903939071
500,0.3775708797349746
501,0.9987899781419824
502,0.5880235569741823
503,0.02398141641777827
504,0.9998428005539111
505,0.9999823420719367
506,0.3808709937396389
507,0.6826321206721305
508,0.8703241812983146
509,0.3641017664382663
510,0.6190264734645465
511,0.4069443677499273
512,0.9914498802733773
513,0.342498990883868
514,0.2579564620017056
515,0.7788051422607112
516,0.2561578715097445
517,0.6608148640580168
518,0.9983798499669423
519,0.7927735648004175
520,0.2559124226219236
521,0.5015857806345548
522,0.6301457574619883
523,0.37243591270411047
524,0.558378657003735
525,0.7390942696870496
526,0.999665808391052
527,0.22053567630710613
528,0.9769112080185222
529,0.9971062224741275
530,0.039642543354476624
531,0.9386894536224074
532,0.018740187373562086
533,0.9786996059972202
534,0.2630870168181539
535,0.4654562483371318
536,0.9957405805941115
537,0.934450955968183
538,0.9736915532420195
539,0.9977447669121037
540,0.8776239573285817
541,0.39758570807528903
542,0.6876579277270752
543,0.999455504506177
544,0.9924781823804443
545,0.8592173657080965
546,0.7503989919922346
547,0.8146499283009176
548,0.9849523131982001
549,0.7538532469862476
550,0.6419192341834824
551,0.9456131201558428
552,0.9990163972238236
553,0.6892205117467624
554,0.2912168947642891
555,0.9999549792856306
556,0.9900145781448002
557,0.16161782964740787
558,0.5271215859891877
559,0.6023235701379871
560,0.99171508897881
561,0.6698767660810024
562,0.5951305738624494
563,0.9954676835991085
564,0.9055022523720887
565,0.9975390195411775
566,0.6223638766223237
567,0.9937837090853021
568,0.9976747981091922
569,0.5083077826400066
570,0.585706404474741
571,0.9933736186646145
572,0.7980828406379006
573,0.8680338589742995
574,0.6639644329107146
575,0.6630527873799799
576,0.36130306857609457
577,0.9966951199513264
578,0.9914303376462008
579,0.9823211652315651
580,0.5952250718581692
581,0.9983550693044488
582,0.36231048391487336
583,0.9703573420016303
584,0.999686864160066
585,0.6956472223631306
586,0.6526532210425035
587,0.9982555834316544
588,0.9963077236755257
589,0.26444050868719576
590,0.9997700125613258
591,0.7302708566086529
592,0.6288950167108032
593,0.9910174851097812
594,0.985902389676616
595,0.9995853137592299
596,0.1337277147932891
597,0.9643942870269456
598,0.4888647817128217
599,0.8415689673947117
600,0.9956057042098649
601,0.41435982314740893
602,0.23646024152230352
603,0.9640679221712897
604,0.9996887986485322
605,0.3575946355004159
606,0.9067124810276902
607,0.8596405177924937
608,0.6158945989273287
609,0.9568480298831934
610,0.47257150590255564
611,0.9929140728382074
612,0.9986978153827741
613,0.510618596348386
614,0.388726572447249
615,0.8365401443703497
616,0.9165730362235699
617,0.8358733857322771
618,0.6702643622707315
619,0.17712571755653023
620,0.9736923680831381
621,0.4076877166847535
622,0.8913964103349391
623,0.8849156263875462
624,0.10571990966512888
625,0.8711266925828732
626,0.9699293361666361
627,0.21815361794828791
628,0.9120698728301464
629,0.6869661403927236
630,0.8034067173111297
631,0.5797067191060297
632,0.9077506149815082
633,0.9697263823239006
634,0.48919888169391995
635,0.9339812402565549
636,0.2636283042124808
637,0.9704182980916976
638,0.6322579038220985
639,0.9997514678920477
640,0.9120111962534105
641,0.8327591516939274
642,0.8086700559850497
643,0.5171280931342785
644,0.9955639188004143
645,0.128767782847567
646,0.9959717505909637
647,0.8513478066195804
648,0.9840884558120687
649,0.5371501174227764
650,0.8538456253212569
651,0.9934963085221774
652,0.39974713501506703
653,0.11636969663484978
654,0.06395342928226966
655,0.17635818613796186
656,0.3148278238133822
657,0.7423961804161526
658,0.8314881574695744
659,0.896467209710074
660,0.15626712041807703
661,0.9925676938859795
662,0.9395204527545734
663,0.46984531617593006
664,0.27240316624013966
665,0.3046907925743407
666,0.996255133074533
667,0.9444047630121861
668,0.9252697050493157
669,0.9971228220279701
670,0.5398302280051914
671,0.23673302712097982
672,0.9928675737273545
673,0.07163198042374777
674,0.9998656429509571
675,0.3099377776778345
676,0.999174501827972
677,0.2978166674576332
678,0.8694938013551831
679,0.23536103821255833
680,0.3578801891192624
681,0.4585288546099455
682,0.19328234752703632
683,0.9959176524034732
684,0.33904742247997766
685,0.4700045451584374
686,0.5152822567240336
687,0.23393515350398314
688,0.8969353261567578
689,0.48323998671104396
690,0.6992029626358981
691,0.9969147077426244
692,0.9446638876913747
693,0.998984194864956
694,0.3027000497126145
695,0.9503619163132095
696,0.2247975002736814
697,0.12026680664051019
698,0.7818685485805451
699,0.9950412723033878
700,0.11580222512901646
701,0.9928399134502238
702,0.6136442023767406
703,0.5824505126983105
704,0.1898495486867505
705,0.9998637693708623
706,0.4007858885298339
707,0.9989057421164338
708,0.9488329311246442
709,0.8984894234580417
710,0.17642927989945137
711,0.03576068109439431
712,0.5752164203688603
713,0.10630186292871358
714,0.9971930516471624
715,0.4281575630203665
716,0.2634220754139286
717,0.9835775364430739
718,0.5238855138228845
719,0.9935667470316389
720,0.9891443102113276
721,0.5719578242204131
722,0.9995905042681259
723,0.7219176843137632
724,0.996910082187675
725,0.9938284478188145
726,0.9999372962188027
727,0.9762202990784179
728,0.7026161845636328
729,0.5209720945818039
730,0.9994768480193613
731,0.9960701051604497
732,0.1597988085499076
733,0.8465438606309821
734,0.16833595999236117
735,0.46171730487528756
736,0.9995909145774203
737,0.5373454843097697
738,0.9572074876738312
739,0.5034057466042994
740,0.947097845630755
741,0.9410408346146595
742,0.9998786456150172
743,0.9993440727443358
744,0.6008403520701981
745,0.9534798749525426
746,0.626011214335727
747,0.9987474933221054
748,0.6445237532353072
749,0.9800135654545712
750,0.5819417984933721
751,0.9897870888229042
752,0.9996668585005444
753,0.31949355152303316
754,0.43670613119742513
755,0.9994411170286801
756,0.0996570663311569
757,0.9983030540084402
758,0.9154057590262235
759,0.6375615554510512
760,0.18545430497583132
761,0.6560683416699072
762,0.8827495023376191
763,0.9998459673556286
764,0.995262047684176
765,0.2125149619604378
766,0.56692998203262
767,0.8325542963386997
768,0.5474529674926388
769,0.9845322110204109
770,0.5075389611679236
771,0.6330358005820499
772,0.6489715756259585
773,0.9882608164725306
774,0.2025070482501312
775,0.33220419604096085
776,0.9651353755377863
777,0.435690671150607
778,0.3004826507374716
779,0.819662344446939
780,0.43171706077354643
781,0.1517424466069171
782,0.7813434204405401
783,0.962745080433818
784,0.9391705125367019
785,0.9559883571807746
786,0.921192852113586
787,0.18643178260546595
788,0.4603395353490787
789,0.9916187128895927
790,0.8550133489624653
791,0.9989300861112442
792,0.31706726511605676
793,0.09019957461661676
794,0.9581414467670716
795,0.9866114352544371
796,0.659165552357266
797,0.5289104033187451
798,0.20344623765539954
799,0.9952201795982584
800,0.7221766670822263
801,0.7714009877817223
802,0.796299984255063
803,0.42711333822324044
804,0.9237320106471366
805,0.860035162888873
806,0.6114359056688351
807,0.09345230561923294
808,0.8545568176014233
809,0.9988840187897818
810,0.8638150969783773
811,0.47222095418846977
812,0.10546437087611697
813,0.5151220001563879
814,0.9527708429839656
815,0.9768366579734498
816,0.9976036233334306
817,0.9906316501219234
818,0.40212417578482856
819,0.2934985777783982
820,0.5708506642744613
821,0.7915288681240908
822,0.9974868184456261
823,0.5283051990230723
824,0.7507179404683486
825,0.910587822397321
826,0.5450168781426159
827,0.649018495506281
828,0.19261198369912194
829,0.8157410101450225
830,0.9956263418751233
831,0.5662759149017259
832,0.9864917734198771
833,0.9240838774357759
834,0.6970298426666224
835,0.15445035360605583
836,0.9973888194449204
837,0.12104868754329838
838,0.7322446985693114
839,0.36131269259114174
840,0.3410088247691411
841,0.615831446233732
842,0.6176092932085357
843,0.9994101044726267
844,0.8889441622218806
845,0.23519592888028568
846,0.9996719696135526
847,0.8951368642563287
848,0.9003720290986293
849,0.9980091910890281
850,0.23874975116257632
851,0.49010195376769033
852,0.596299213132092
853,0.21553691320405516
854,0.20315885488449156
855,0.9998483844809835
856,0.8046636397348953
857,0.9441184815658515
858,0.43886657246724475
859,0.3776741441729437
860,0.8191633432997814
861,0.9996413395013941
862,0.9998240902155104
863,0.9352660649050746
864,0.6895920971770558
865,0.7106725749010098
866,0.9996570804868299
867,0.288274619984084
868,0.25178593555970036
869,0.19354838193594276
870,0.9781568027033004
871,0.9986606268923045
872,0.7899628063776343
873,0.998230756858351
874,0.8028125464586996
875,0.7940876081165898
876,0.9888031390936716
877,0.2531395725098187
878,0.46245724110086217
879,0.7279913120971437
880,0.9996049532167417
881,0.548700271516631
882,0.998480009136992
883,0.9044670708354974
884,0.5722155089129244
885,0.13846041858155073
886,0.3466725239390625
887,0.90185984603611
888,0.5873980585027463
889,0.9997834379406395
890,0.6324293804651779
891,0.9784338815305457
892,0.9587333676761206
893,0.18013243269961826
894,0.5901988229410439
895,0.08329997036798374
896,0.2778096508666083
897,0.0745330232888216
898,0.9414291983647718
899,0.8873176818358112
900,0.05822271740215062
901,0.940436621962403
902,0.5469408182950657
903,0.998849785956597
904,0.5274620270104213
905,0.12806662541608937
906,0.9773637723513956
907,0.785528531698566
908,0.23320183743440728
909,0.24723463687562966
910,0.9914958247626204
911,0.37393168617507855
912,0.84114397883219
913,0.9457171625251263
914,0.5298080170397674
915,0.996110100916486
916,0.10235790440895676
917,0.9997824499201449
918,0.7365193318233816
919,0.999803172979945
920,0.6762649946498991
921,0.9998472941125442
922,0.8802924796912683
923,0.6563743399993321
924,0.6230153999996422
925,0.9992948251920634
926,0.8573823687276272
927,0.07736811458124106
928,0.9668618185799268
929,0.9991597369332994
930,0.8868471795940465
931,0.9710249052122922
932,0.5247593298526966
933,0.9515817639707325
934,0.6104585024657203
935,0.565951062394424
936,0.9960276596806211
937,0.9876192946039255
938,0.9981625556209226
939,0.9997008321783519
940,0.4256494360691421
941,0.6664886074071183
942,0.16791035206544438
943,0.11219005413658086
944,0.8701168744352812
945,0.6320496558844784
946,0.9954639319253296
947,0.043087199828606565
948,0.9986777199795674
949,0.9994440063539132
950,0.6968370230634405
951,0.2503695144420084
952,0.16538459328641453
953,0.06220125443785278
954,0.10911098592353842
955,0.5826252225883621
956,0.9976813174865242
957,0.6108430059706561
958,0.6730901151803705
959,0.7878218466705013
960,0.9755871036511139
961,0.9984680656178109
962,0.3511720096570661
963,0.9992935562091827
964,0.7998574876293899
965,0.9995506194992573
966,0.7321401702557742
967,0.6758926991583105
968,0.9917188523866043
969,0.3209691544235737
970,0.9433266330990264
971,0.9745472769648821
972,0.25027329933992654
973,0.934333536727804
974,0.2664299641327975
975,0.9994401345409761
976,0.24905430853929708
977,0.6941395410671534
978,0.9998285139240876
979,0.7209262506969286
980,0.6172764698778563
981,0.9978028663964051
982,0.8313648190919455
983,0.6238022075769725
984,0.06119120829188857
985,0.7893350794542014
986,0.6340492894514734
987,0.5353506888695425
988,0.26564359247720315
989,0.945281431742155
990,0.7039147666658299
991,0.7718542480752949
992,0.8707881967781492
993,0.5281944148371729
994,0.5919397622424918
995,0.22556991815918498
996,0.14401731523218145
997,0.27403698138683574
998,0.3436917165159147
999,0.2290594718732201
1000,0.675241491076942
1001,0.9420557458517745
1002,0.3283483766495672
1003,0.6900319992022681
1004,0.9568067164757049
1005,0.9998781565251823
1006,0.9686800858096996
1007,0.0818452508971858
1008,0.9818102847821735
1009,0.9998984364697393
1010,0.8881863028371465
1011,0.05993081494964774
1012,0.21553645959071763
1013,0.773047426085478
1014,0.999577815413268
1015,0.999839782751203
1016,0.9525191843585546
1017,0.8488655606663099
1018,0.9885774483431703
1019,0.9996304286481198
1020,0.9906996174133329
1021,0.9979501198386962
1022,0.8928551685951884
1023,0.9230174891319907
1024,0.9997433736852089
1025,0.5232062520031057
1026,0.6348817296429942
1027,0.7821637149135402
1028,0.5731839908927182
1029,0.0793972028118911
1030,0.9939408189300347
1031,0.8130187415194474
1032,0.21555232608968158
1033,0.3926789153253835
1034,0.9811291458587982
1035,0.29331135516524115
1036,0.9705738569769916
1037,0.8356867200911913
1038,0.998533110817085
1039,0.9215711789861822
1040,0.9577824029104419
1041,0.9875844966013266
1042,0.12823513702245098
1043,0.26155175817657295
1044,0.6142735703661129
1045,0.870225248623372
1046,0.09126893048250316
1047,0.14714049003050175
1048,0.9837068878520663
1049,0.08058279736755374
1050,0.5776418373327223
1051,0.5149405860093522
1052,0.7344874047936569
1053,0.5381333044914921
1054,0.9997424875816425
1055,0.9949001796735112
1056,0.7692607539962759
1057,0.07198589067947257
1058,0.5159529887517857
1059,0.6666915960830335
1060,0.9766130026705385
1061,0.9933137662742257
1062,0.20750030947263895
1063,0.9986123477492678
1064,0.9976832242277593
1065,0.9613810292423793
1066,0.09441766454842918
1067,0.31814410924631575
1068,0.8102373262876293
1069,0.639089776723154
1070,0.06033846206826706
1071,0.9924132723457664
1072,0.9735906326500983
1073,0.2163410049116553
1074,0.726096860116052
1075,0.9994223736221746
1076,0.3366755194704132
1077,0.8507069914768943
1078,0.25067400768803727
1079,0.9999477006442468
1080,0.22927541099979162
1081,0.47167700946136815
1082,0.7065926476966718
1083,0.8616004223867699
1084,0.37211587220366465
1085,0.7196716981030113
1086,0.9484873362012171
1087,0.9998955953238213
1088,0.9761510599376853
1089,0.8846878958801384
1090,0.7083228954303581
1091,0.32337427417531234
1092,0.22043454675460103
1093,0.2551879346666698
1094,0.9102859308323706
1095,0.9827951981275793
1096,0.6084004962436607
1097,0.3084854760268955
1098,0.3942233044979776
1099,0.9960504924374115
1100,0.9989856602798871
1101,0.9994815918666498
1102,0.42581018862740394
1103,0.4634025097662428
1104,0.39536440433767156
1105,0.9892248233555367
1106,0.8209298927781157
1107,0.9903983235149674
1108,0.9928943592045958
1109,0.06591678950476366
1110,0.9950935699214017
1111,0.9996850444115568
1112,0.34975948981489546
1113,0.9997204512603172
1114,0.33581006283411075
1115,0.6806966507005612
1116,0.1961395427049982
1117,0.985828801274317
1118,0.941556948186006
1119,0.7338001341634928
1120,0.6645011834493734
1121,0.8074059095042031
1122,0.4614811449242574
1123,0.9272531430860868
1124,0.9667186575643882
1125,0.9506220311446333
1126,0.09006550594898545
1127,0.9991527165952926
1128,0.48893610799934356
1129,0.8443773544649027
1130,0.9551602128988097
1131,0.2650869132592278
1132,0.9994530258727078
1133,0.9724588936744402
1134,0.9415839317326562
1135,0.6666716095223265
1136,0.6875152990307875
1137,0.8904308276063456
1138,0.5670245859285918
1139,0.9993152692257175
1140,0.2203719840912472
1141,0.9243964663398929
1142,0.747652834253139
1143,0.9991814855627561
1144,0.7327424973232005
1145,0.10126081656462523
1146,0.4374610396617999
1147,0.980431358316096
1148,0.6436792733963925
1149,0.6932241259295242
1150,0.9812600895041372
1151,0.9980364805751177
1152,0.45200095310519806
1153,0.9151397930834358
1154,0.9975894644742246
1155,0.6590845253452106
1156,0.5471615860774409
1157,0.9899137705867552
1158,0.9886430485126042
1159,0.18376482106447306
1160,0.636201960756539
1161,0.08611513267058471
1162,0.5171355752173387
1163,0.9881725420748589
1164,0.9997624584455979
1165,0.9030137676110886
1166,0.5356603653504646
1167,0.7303867816517485
1168,0.9883243968084068
1169,0.9665963519070034
1170,0.4354798292569525
1171,0.06523109468760994
1172,0.615606288844868
1173,0.9977612176359844
1174,0.15653767304677138
1175,0.9996723992954336
1176,0.5745292455362687
1177,0.5007848502746551
1178,0.9991595125691555
1179,0.9974330567737236
1180,0.8437861201205581
1181,0.8983882577144114
1182,0.6778315062072524
1183,0.4582844311917972
1184,0.30968351690674323
1185,0.9998412698233397
1186,0.3032028693286501
1187,0.5480855668990937
1188,0.9906043937793662
1189,0.9325308001901861
1190,0.5357528237397502
1191,0.9998899639036465
1192,0.11191708673453943
1193,0.43957836535410816
1194,0.08207344529970215
1195,0.9901888281456346
1196,0.8920008053942493
1197,0.659663542961304
1198,0.9875389064923648
1199,0.5744947254402897
1200,0.33128554753485845
1201,0.7776525938172131
1202,0.9046544966588631
1203,0.3915930569767657
1204,0.7844030206796936
1205,0.9929462992383976
1206,0.24752708240109975
1207,0.9900842939806621
1208,0.963818027931743
1209,0.9708022399134802
1210,0.48978860809388575
1211,0.1128424398403267
1212,0.12498840615014668
1213,0.9997727101095847
1214,0.7773191621125405
1215,0.9996649546836057
1216,0.29609629635841483
1217,0.5072967323739211
1218,0.9684574198206336
1219,0.16271338114184855
1220,0.8946737167958422
1221,0.9995656624855169
1222,0.2714981411190823
1223,0.9918474039216777
1224,0.9956480976946116
1225,0.5025471184147279
1226,0.1826021919571786
1227,0.9421058903953351
1228,0.918260876942993
1229,0.9459469053407744
1230,0.9581615273981265
1231,0.6754073103147498
1232,0.9991454413597609
1233,0.29207425660944103
1234,0.8643224874215311
1235,0.2206646408824317
1236,0.9997927369917419
1237,0.03566301972672824
1238,0.8587290127312666
1239,0.9993517969106843
1240,0.9917011186713433
1241,0.8162855948936499
1242,0.977617501296918
1243,0.910106459480997
1244,0.9731353317742354
1245,0.9636943282908242
1246,0.9998333812953044
1247,0.47918388891926145
1248,0.9720938178242617
1249,0.5694095297909965
1250,0.9996742673077369
1251,0.5228898003439505
1252,0.2543961985582034
1253,0.8976998621909648
1254,0.9999190116609488
1255,0.9195437400477985
1256,0.9454184354411372
1257,0.29046126937288475
1258,0.7384591629856013
1259,0.5800995738160387
1260,0.40340618022879676
1261,0.46651879275827673
1262,0.9990067949929218
1263,0.615493140100344
1264,0.12046397120698973
1265,0.7357457457860396
1266,0.9989897950755308
1267,0.9668770595740053
1268,0.8347199154237676
1269,0.5466563943303003
1270,0.9988438924592938
1271,0.8535705492388675
1272,0.8832459468933506
1273,0.6769984579868283
1274,0.6830448274442789
1275,0.9806295744785096
1276,0.9998158551059785
1277,0.9997264405428951
1278,0.5939413960433115
1279,0.9959225493390516
1280,0.5609785200406673
1281,0.982336779291894
1282,0.951869184966313
1283,0.9000985960032543
1284,0.5571743271277527
1285,0.4960746885593273
1286,0.9769621031721007
1287,0.9118519758364764
1288,0.27707458200513685
1289,0.14840116865751335
1290,0.4553741146346888
1291,0.9994108535865753
1292,0.05994962759753915
1293,0.9813045382802624
1294,0.9930650874160729
1295,0.18571357314887155
1296,0.9647567360774587
1297,0.9897337590044406
1298,0.9972405617335665
1299,0.6434297215759792
1300,0.9998997485037806
1301,0.5616113838936075
1302,0.2248521137914655
1303,0.8899321356693889
1304,0.9981109558336257
1305,0.32416617728932967
1306,0.04861209437799908
1307,0.7431248512395164
1308,0.999729469384953
1309,0.2101599456039948
1310,0.9379980826714128
1311,0.9838136696202391
1312,0.7366214116911043
1313,0.5123571391618347
1314,0.7804261827877611
1315,0.5878279463059715
1316,0.9836380738284034
1317,0.8427288518885905
1318,0.5325766401463207
1319,0.9069891315536673
1320,0.9979337931010911
1321,0.11200423028272581
1322,0.9947686542815662
1323,0.4116111520176401
1324,0.5138575112756394
1325,0.5657996292304555
1326,0.9668050743517527
1327,0.9995046393358845
1328,0.39023696305575023
1329,0.42361618708551224
1330,0.9995122184467244
1331,0.43756489211483823
1332,0.34078780462366626
1333,0.2201468874315936
1334,0.9433235203081719
1335,0.9537917801551096
1336,0.26290644328088225
1337,0.999287551671307
1338,0.8207908916800793
1339,0.8484465434266515
1340,0.9575277685384205
1341,0.9997551559326447
1342,0.9987647470327188
1343,0.8384950866605432
1344,0.35866792288106414
1345,0.9997422804064084
1346,0.9891036018899911
1347,0.24689027457872428
1348,0.9850341532612558
1349,0.014866853151165685
1350,0.9975108233353557
1351,0.9561858238925302
1352,0.5349413235234226
1353,0.9538166981342437
1354,0.23822111178221334
1355,0.5219106146202025
1356,0.9997724899270083
1357,0.9113841331044641
1358,0.9999007171467889
1359,0.9640523793501671
1360,0.8853336944757054
1361,0.9997499179604094
1362,0.5809435482740022
1363,0.919515034235738
1364,0.8383260008519048
1365,0.9994550522872125
1366,0.9998473474260808
1367,0.5730528129847378
1368,0.9872062262898063
1369,0.591365738030414
1370,0.27145416836159586
1371,0.057280993188851416
1372,0.8571745326954495
1373,0.1187605004445641
1374,0.4599790416561387
1375,0.6316526250179422
1376,0.7235282571681737
1377,0.5815629236324185
1378,0.6257813959262621
1379,0.9989513457101477
1380,0.9917291727335158
1381,0.4935262077233032
1382,0.725243560190676
1383,0.999803323028481
1384,0.9990642695576616
1385,0.30627443312936503
1386,0.8444880132384143
1387,0.9356129187421162
1388,0.9294933114325179
1389,0.6644405564237408
1390,0.840215211272188
1391,0.6686686117832276
1392,0.9983482344174559
1393,0.7824940245688052
1394,0.3746315633063927
1395,0.9571284189467153
1396,0.9977472956947724
1397,0.9999624011377823
1398,0.9015451711095857
1399,0.7527015650770692
1400,0.6754104664137557
1401,0.9200974941943927
1402,0.3329797895180735
1403,0.5304077285294883
1404,0.8869007234780134
1405,0.652840205260614
1406,0.9998661245916735
1407,0.9471361799262978
1408,0.5481703884270445
1409,0.6346778361280003
1410,0.5618369940682016
1411,0.9960667039267949
1412,0.4307640384935666
1413,0.9735469834325158
1414,0.96778449391584
1415,0.9184629852506299
1416,0.5282154266707145
1417,0.8860782285644151
1418,0.8773670386035785
1419,0.0941860437826027
1420,0.9974445048199232
1421,0.9994589624905815
1422,0.9999019423333282
1423,0.11049728370916331
1424,0.25749976985190504
1425,0.41607002081023814
1426,0.25697826877077423
1427,0.9967044383422429
1428,0.9719798168373837
1429,0.9991506471083605
1430,0.649477714090781
1431,0.561771510909044
1432,0.9976834531244739
1433,0.9598919455492391
1434,0.9321949186074956
1435,0.9705120038681807
1436,0.4840389798158698
1437,0.6690185864619477
1438,0.7949502211470917
1439,0.6139425225411537
1440,0.9993966245110631
1441,0.9011434705579834
1442,0.21970167306455163
1443,0.09019278574514554
1444,0.9661115393326262
1445,0.9998862778459872
1446,0.6723464102946296
1447,0.3544475381477232
1448,0.8911050073132623
1449,0.7495196594697323
1450,0.5560885026880622
1451,0.2692427919628722
1452,0.9968444900040363
1453,0.33964427927987223
1454,0.9997496308053607
1455,0.9725039314267846
1456,0.998428165997172
1457,0.8771790735865723
1458,0.3239724814183388
1459,0.3003374641420687
1460,0.7391035235645048
1461,0.06926615136868215
1462,0.09042893596101921
1463,0.980030195381227
1464,0.5269367353572669
1465,0.7902809015546979
1466,0.9534941455634292
1467,0.5974380272316911
1468,0.7922206907021883
1469,0.6991227182426529
1470,0.9993113954261373
1471,0.2854302999773866
1472,0.20495380791279022
1473,0.39894389793729423
1474,0.9419148478483446
1475,0.994294739875915
1476,0.9566442661063911
1477,0.9954329490234645
1478,0.5021327128595509
1479,0.9596980592836224
1480,0.6108163021220143
1481,0.764261376523597
1482,0.45533917488687353
1483,0.9992833159608101
1484,0.5315565174067614
1485,0.9035679056786847
1486,0.9580547325526174
1487,0.970213934394241
1488,0.6575377260263038
1489,0.8713801235982594
1490,0.9552338781111736
1491,0.3715969962669576
1492,0.7460353208732619
1493,0.9857972619419653
1494,0.5591882235283661
1495,0.28266640937831256
1496,0.5687888198665463
1497,0.9997427466961166
1498,0.31998030733150035
1499,0.34754607728052334
1500,0.738912930998688
1501,0.0619235458924111
1502,0.8716507096990845
1503,0.9772860853004339
1504,0.30813745398958026
1505,0.026237632843184637
1506,0.7324757071949446
1507,0.8237387718531911
1508,0.8556355508913229
1509,0.6640764093451977
1510,0.990847306363498
1511,0.3655946667016858
1512,0.980615113058961
1513,0.8464558934105159
1514,0.07789321187541097
1515,0.027448061028651684
1516,0.11638109265642164
1517,0.6222735668616719
1518,0.21504308165470468
1519,0.9839828969712797
1520,0.3647309908764284
1521,0.6580841202954996
1522,0.23349479125334593
1523,0.9998682552612455
1524,0.8438957252659404
1525,0.7874376519538846
1526,0.7071642663731154
1527,0.9315711567897448
1528,0.0418914038534975
1529,0.988119447278406
1530,0.7277455312387338
1531,0.8259823196675812
1532,0.9994138033064734
1533,0.9994167348800305
1534,0.9994840400840307
1535,0.9999529099696703
1536,0.7942526969184255
1537,0.8301641898749507
1538,0.551836138918321
1539,0.6463416360589898
1540,0.9598164243044188
1541,0.8929409058813068
1542,0.9382597894089895
1543,0.24763505596144283
1544,0.7479755779987588
1545,0.5897332756894414
1546,0.9998193696370654
1547,0.754727634710929
1548,0.23582549606732037
1549,0.4131586420430138
1550,0.999520920615158
1551,0.47838960573125244
1552,0.9802505774923821
1553,0.09642887918693618
1554,0.9997090088769472
1555,0.9204568187957969
1556,0.9599668269395072
1557,0.6294771601744199
1558,0.9997603750051274
1559,0.8219717438341904
1560,0.33307833289656147
1561,0.45731947851137433
1562,0.999267242935129
1563,0.9946575754910755
1564,0.5846462318497884
1565,0.5382738179642155
1566,0.8724221139021469
1567,0.9133985219487821
1568,0.2007272049638986
1569,0.5368658906444939
1570,0.9998448582709603
1571,0.99946087247547
1572,0.49069515352375354
1573,0.9643448303845874
1574,0.6021365658603722
1575,0.996919990341974
1576,0.8459036252489178
1577,0.9996608347086013
1578,0.31054461968275493
1579,0.802363490785121
1580,0.58591450886737
1581,0.297166259487913
1582,0.26559397030137505
1583,0.8561331481954865
1584,0.6337243582948096
1585,0.06802046511727969
1586,0.9263471712366653
1587,0.9991321634271201
1588,0.9995687892918873
1589,0.8910314253270252
1590,0.9623278774631044
1591,0.9951291330950525
1592,0.9206727440761404
1593,0.49914321566020564
1594,0.3201592550490841
1595,0.9909336258200571
1596,0.3496736996958882
1597,0.9997184485824896
1598,0.8473558227440087
1599,0.9992206091232532
1600,0.29059350082414154
1601,0.9976009319228333
1602,0.9998325023721701
1603,0.3021666286042937
1604,0.999344587636539
1605,0.6849825621916503
1606,0.5296372992757546
1607,0.8483268236406658
1608,0.8674992185123787
1609,0.9901696242549923
1610,0.9769666108534969
1611,0.9995549622470505
1612,0.7736087712802676
1613,0.9864690528929655
1614,0.41805693270256067
1615,0.9905061927385718
1616,0.7488037248676006
1617,0.9555016432037012
1618,0.9306285293695239
1619,0.310755923553711
1620,0.7768772991025211
1621,0.9850290300531974
1622,0.36131816224915153
1623,0.11365147159828579
1624,0.9496734789542093
1625,0.861362233026032
1626,0.99835604412753
1627,0.9379939760116783
1628,0.9632188054106137
1629,0.9994672967718479
1630,0.3532348083861668
1631,0.46620477410780614
1632,0.9930202027831339
1633,0.8376631195151134
1634,0.999487073305466
1635,0.9987893547853671
1636,0.901650629011154
1637,0.326689155244526
1638,0.5260680167906446
1639,0.9934089676132649
1640,0.63205071482502
1641,0.014353882984960322
1642,0.04877481223185208
1643,0.9356556239061111
1644,0.7901866347107062
1645,0.9996716289923451
1646,0.9990834391494542
1647,0.999476294281071
1648,0.6610153509200969
1649,0.8699955355371539
1650,0.9991818605990689
1651,0.9990592662149308
1652,0.7042698765159496
1653,0.8551622482989393
1654,0.3484378723682505
1655,0.9976670243924807
1656,0.3453839693646657
1657,0.9389551113690512
1658,0.9983743564753772
1659,0.6542535327032241
1660,0.9188281562682157
1661,0.9158467566966195
1662,0.8521286086968342
1663,0.9995321784563137
1664,0.7729210587565534
1665,0.5238943768700164
1666,0.9988745504317132
1667,0.9889438971530634
1668,0.9999113714837393
1669,0.9700886950741104
1670,0.9997226203382212
1671,0.998464385996675
1672,0.5364075349821525
1673,0.5268237596535267
1674,0.616284080079469
1675,0.49680675007028935
1676,0.99947633241984
1677,0.48492320191077287
1678,0.9648572783278602
1679,0.575321601691399
1680,0.7946370024982158
1681,0.9995176965150938
1682,0.31464831977082797
1683,0.3556102757434744
1684,0.9990189182467737
1685,0.9883796386161218
1686,0.9842324849251818
1687,0.9871798080668036
1688,0.1174384933250341
1689,0.7851350986531832
1690,0.9834808122470606
1691,0.9261386366811647
1692,0.9825764026767116
1693,0.3751705328343329
1694,0.7686638004126312
1695,0.7692931464722812
1696,0.645784693781471
1697,0.5455386526131235
1698,0.7629258346507022
1699,0.8543435443736168
1700,0.3562281373560733
1701,0.9960449701520722
1702,0.986797339204771
1703,0.5377683515410349
1704,0.9958348539109864
1705,0.8727726047777316
1706,0.10005508954444824
1707,0.9534672195194581
1708,0.5337002756764063
1709,0.2898887552396303
1710,0.9296590810525317
1711,0.996503934646164
1712,0.06788965450589009
1713,0.26667671859353054
1714,0.8294173577371634
1715,0.7782815474502912
1716,0.9995375463201092
1717,0.9993898971871958
1718,0.4165815969506815
1719,0.9998305501080383
1720,0.9999186636803694
1721,0.026023202500473724
1722,0.9914599422480993
1723,0.9416681499087408
1724,0.9755645238785299
1725,0.8766515509608471
1726,0.1509194752086691
1727,0.9922774104026594
1728,0.9999344163617977
1729,0.9881357931635663
1730,0.9941874763685654
1731,0.9888329553949117
1732,0.9968447394888
1733,0.7455593855576121
1734,0.9953413178595606
1735,0.9893871051087406
1736,0.44686034455565354
1737,0.44367665799479744
1738,0.9936425830247426
1739,0.965996255684311
1740,0.13479681479399044
1741,0.8593464223933431
1742,0.94051639818641
1743,0.9906324895542489
1744,0.7558687810623386
1745,0.44888185634028543
1746,0.23287922481452603
1747,0.9153016589265258
1748,0.08781600620535807
1749,0.8926103979820854
1750,0.22351433681891916
1751,0.19990347800556266
1752,0.9861100919685113
1753,0.7309271319942675
1754,0.24095662425868253
1755,0.7984179336678016
1756,0.9991459122441345
1757,0.6778679141988335
1758,0.8951390661246439
1759,0.5975512161793344
1760,0.7790888807562865
1761,0.8948672370910985
1762,0.9443130927124355
1763,0.7990489349658676
1764,0.5562119179265896
1765,0.9994224323578149
1766,0.9283059140911722
1767,0.9992308550767592
1768,0.9824523493416139
1769,0.6546869713252114
1770,0.2843970634611334
1771,0.9307546095247388
1772,0.45620280504215416
1773,0.8539998867002492
1774,0.5306525661377834
1775,0.8881491304876097
1776,0.9774502574362427
1777,0.8846893922438372
1778,0.5437284995448451
1779,0.5383529591721228
1780,0.9996887472530185
1781,0.9707235565841087
1782,0.9998002524448976
1783,0.9997952436249673
1784,0.9995287648141464
1785,0.999865459470415
1786,0.9602956383785363
1787,0.11154623379031398
1788,0.025583363239018986
1789,0.2364457293753622
1790,0.4283926188841419
1791,0.9999067148884029
1792,0.521863183733483
1793,0.9735705965165324
1794,0.8388559765765556
1795,0.9975179409048113
1796,0.9993667420766602
1797,0.21581350374205316
1798,0.8930966716814623
1799,0.9473159399640949
1800,0.21018486212537343
1801,0.998886614361317
1802,0.3311190141120046
1803,0.9893170782167536
1804,0.9429896498283376
1805,0.9996978792713271
1806,0.6300789092721133
1807,0.9971602546970539
1808,0.28771390971582034
1809,0.3126773360978401
1810,0.8714293375998007
1811,0.32287561518333324
1812,0.9994454652599156
1813,0.9998755643875635
1814,0.9999686961529214
1815,0.9649942180365203
1816,0.5555646177234548
1817,0.9233377030426073
1818,0.9978449637824789
1819,0.9982848656298273
1820,0.3472961149411633
1821,0.1387867547744716
1822,0.9885007463830988
1823,0.024214449130020455
1824,0.21418118329546929
1825,0.5857317072638687
1826,0.9119703291801352
1827,0.7787537669294718
1828,0.9997580631851191
1829,0.42899365368076176
1830,0.9126464434729225
1831,0.9735350187615126
1832,0.8428688682003799
1833,0.9997367152408707
1834,0.9118081719313198
1835,0.9859034964724507
1836,0.9920869797929288
1837,0.9995569688325716
1838,0.373783741767886
1839,0.9905845283612645
1840,0.7453252212995566
1841,0.19532371570347412
1842,0.14385672638921662
1843,0.9993277713248057
1844,0.9996870998560297
1845,0.46258215226278965
1846,0.9473596217912271
1847,0.9306958246363667
1848,0.18444029013160848
1849,0.31064641472766896
1850,0.8243540455473052
1851,0.7379861188455835
1852,0.9586129200589041
1853,0.2556149998808499
1854,0.9241453869704028
1855,0.23510674104122412
1856,0.9316417750886414
1857,0.019600201358316062
1858,0.31474518885626895
1859,0.9973642488396136
1860,0.7332537025784948
1861,0.7242558833690055
1862,0.6121345765762537
1863,0.9943547031061741
1864,0.20352468708150398
1865,0.978218945648881
1866,0.952280927300819
1867,0.9984764665560362
1868,0.9894165964675111
1869,0.3396040594407585
1870,0.08435819228227438
1871,0.49038559841033563
1872,0.9945960207726703
1873,0.28123364495544395
1874,0.9994531769887033
1875,0.9018131703110981
1876,0.13848852365212705
1877,0.9826933150797236
1878,0.46484393322758294
1879,0.8767111970631706
1880,0.7404704001007643
1881,0.03163130134623251
1882,0.9990048192020209
1883,0.14937105145257412
1884,0.12797031038995668
1885,0.7043433856458369
1886,0.5636196779943233
1887,0.7196199067590768
1888,0.782837313604929
1889,0.9997439624810712
1890,0.16753825116608587
1891,0.4884624555679964
1892,0.4543157911305297
1893,0.9993031884894037
1894,0.999797277365251
1895,0.9993071363524673
1896,0.8562547292493621
1897,0.7031422775130886
1898,0.2917373888303321
1899,0.9999522619113216
1900,0.43833088062570685
1901,0.6018884262267146
1902,0.7048498503027361
1903,0.7997427461818241
1904,0.9531691935290165
1905,0.9996433149490175
1906,0.2692926480717318
1907,0.6497582817161429
1908,0.999224285644801
1909,0.9120060062467293
1910,0.9985907758397166
1911,0.5244600836411641
1912,0.5194868507285713
1913,0.626953871250827
1914,0.9887926077688669
1915,0.996703869434483
1916,0.4995824587414267
1917,0.9966135046446232
1918,0.9848632206068634
1919,0.9950382974757475
1920,0.9538303495183772
1921,0.12795022242511417
1922,0.9865944009463316
1923,0.6874637357404878
1924,0.5308008542531498
1925,0.8462478263008044
1926,0.9512452586673529
1927,0.9722171664659038
1928,0.8437943500006851
1929,0.7687947372585273
1930,0.5966357005870815
1931,0.9454227071100287
1932,0.9912185862621541
1933,0.9998484722137033
1934,0.4443965272614237
1935,0.9997100090178813
1936,0.49860017684519015
1937,0.7316362300314803
1938,0.2832796711595624
1939,0.09339753300444469
1940,0.5183518024211599
1941,0.8072575186171793
1942,0.9998572678758219
1943,0.9332797578174127
1944,0.8870288568618361
1945,0.99282237587779
1946,0.20576402915136743
1947,0.46141188441386555
1948,0.8046973648000804
1949,0.6107654709526453
1950,0.37271643721840725
1951,0.31546006461655185
1952,0.5880330963710014
1953,0.4456029528919359
1954,0.7958628580122361
1955,0.07202826846322284
1956,0.981486763755212
1957,0.5110631133303309
1958,0.8338747132704009
1959,0.8556077348807385
1960,0.265694294363577
1961,0.9988213307856171
1962,0.05631443595935053
1963,0.05477808005807017
1964,0.5557758748002872
1965,0.18120663351117036
1966,0.9847526901455634
1967,0.747402404228193
1968,0.4532678468033932
1969,0.6286475880036487
1970,0.9845600531680994
1971,0.9539429104904608
1972,0.9994429201746738
1973,0.9997495011476824
1974,0.8077383087405413
1975,0.9981609329036514
1976,0.9924766975266979
1977,0.5778222296200417
1978,0.6838485153516979
1979,0.3161854411933299
1980,0.8762904918781814
1981,0.9989426158821572
1982,0.1679691911726916
1983,0.998561269453876
1984,0.39894031457452545
1985,0.4809669941038526
1986,0.07260861182547197
1987,0.8972619203212783
1988,0.49722766817614833
1989,0.638241548358195
1990,0.15108432011839362
1991,0.8989283876347891
1992,0.9857714310458842
1993,0.9413426161220889
1994,0.9529514132773286
1995,0.7945959145277299
1996,0.9986415812820086
1997,0.9997348515885673
1998,0.935441149804435
1999,0.2891635816600521
2000,0.7181828174584232
